[
  {
    "q": "How do I form a legally binding contract?",
    "a": "Answer (informational): A concise overview... Consult an attorney for tailored advice."
  },
  {
    "q": "What are the essential elements of a valid will?",
    "a": "Answer (informational): Key elements include testamentary intent... Consult an attorney."
  },
  {
    "q": "What should I do after a car accident to protect my legal rights?",
    "a": "Answer (informational): Ensure safety, gather evidence, report to police, consult counsel if needed."
  }
]